date;year;day_number;auction_weight_kg;auction_price_usd;contract_weight_kg;contract_price_usd;combined_weight_kg;combined_price_usd;rejection_rate_auction;rejection_rate_contract;month;week;quarter;price_gap_ac;weight_gap_ac;total_rejection_pressure;rolling_avg_price;rolling_rejection_rate
2025/07/22;2025;96;19507119;3.57;328566854.0;3.31;348073973.0;3.33;15.77;2.14;7;30;3;0.2599999999999998;-309059735.0;1010760334.19;3.33;8.955
2025/07/21;2025;95;19467767;3.57;328263865.0;3.31;347731632.0;3.33;15.77;2.14;7;30;3;0.2599999999999998;-308796098.0;1009491356.69;3.33;8.955
2025/07/18;2025;94;19427361;3.57;327847311.0;3.32;347274672.0;3.33;15.77;2.14;7;29;3;0.25;-308419950.0;1007962728.51;3.33;8.955
2025/07/17;2025;93;19397720;3.58;326699086.0;3.32;346096806.0;3.33;15.77;2.14;7;29;3;0.26000000000000023;-307301366.0;1005038088.44;3.33;8.955
2025/07/16;2025;92;19328162;3.58;325608711.0;3.32;344936873.0;3.33;15.77;2.14;7;29;3;0.26000000000000023;-306280549.0;1001607756.2800001;3.33;8.955
2025/07/15;2025;91;19238128;3.59;324765653.0;3.32;344003781.0;3.33;15.77;2.14;7;29;3;0.27;-305527525.0;998383775.98;3.33;8.955
2025/07/14;2025;90;19136319;3.61;323785155.0;3.32;342921474.0;3.34;15.77;2.14;7;29;3;0.29000000000000004;-304648836.0;994679982.33;3.3314285714285714;8.955
2025/07/11;2025;89;19041953;3.6;322802744.0;3.32;341844697.0;3.34;15.77;2.14;7;28;3;0.28000000000000025;-303760791.0;991089470.97;3.332857142857143;8.955
2025/07/10;2025;88;18957334;3.6;321311846.0;3.32;340269180.0;3.34;15.77;2.14;7;28;3;0.28000000000000025;-302354512.0;986564507.6200001;3.334285714285714;8.955
2025/07/09;2025;87;18825426;3.61;320091186.0;3.32;338916612.0;3.34;15.77;2.14;7;28;3;0.29000000000000004;-301265760.0;981872106.0600001;3.3357142857142854;8.955
2025/07/08;2025;86;18622019;3.62;318074267.0;3.33;336696286.0;3.34;15.77;2.14;7;28;3;0.29000000000000004;-299452248.0;974348171.01;3.337142857142857;8.955
2025/07/07;2025;85;18459405;3.63;316375244.0;3.33;334834649.0;3.35;15.77;2.14;7;28;3;0.2999999999999998;-297915839.0;968147839.01;3.3400000000000003;8.955
2025/07/04;2025;84;18330327;3.64;314925233.0;3.33;333255560.0;3.35;15.77;2.14;7;27;3;0.31000000000000005;-296594906.0;963009255.4100001;3.3428571428571425;8.955
2025/07/02;2025;82;17964623;3.65;310777322.0;3.33;328741945.0;3.35;15.77;2.14;7;27;3;0.31999999999999984;-292812699.0;948365573.79;3.3442857142857143;8.955
2025/07/01;2025;81;17754999;3.65;308487860.0;3.34;326242859.0;3.35;15.77;2.14;7;27;3;0.31000000000000005;-290732861.0;940160354.6300001;3.345714285714286;8.955
2025/06/30;2025;80;17553362;3.66;306173138.0;3.34;323726500.0;3.35;15.77;2.14;6;27;2;0.3200000000000003;-288619776.0;932027034.0600001;3.347142857142857;8.955
2025/06/27;2025;79;17352328;3.66;304055552.0;3.34;321407880.0;3.35;15.77;2.14;6;26;2;0.3200000000000003;-286703224.0;924325093.8400002;3.3485714285714288;8.955
2025/06/26;2025;78;17222679;3.66;302001998.0;3.34;319224677.0;3.35;15.77;2.14;6;26;2;0.3200000000000003;-284779319.0;917885923.55;3.35;8.955
2025/06/25;2025;77;17048348;3.66;299774634.0;3.34;316822982.0;3.35;15.77;2.14;6;26;2;0.3200000000000003;-282726286.0;910370164.72;3.35;8.955
2025/06/24;2025;76;16841985;3.65;297105144.0;3.34;313947129.0;3.36;15.77;2.14;6;26;2;0.31000000000000005;-280263159.0;901403111.6100001;3.3514285714285714;8.955
2025/06/23;2025;75;16645154;3.65;294584707.0;3.34;311229861.0;3.36;15.77;2.14;6;26;2;0.31000000000000005;-277939553.0;892905351.56;3.3528571428571428;8.955
2025/06/20;2025;74;16457544;3.65;292663422.0;3.34;309120966.0;3.36;15.77;2.14;6;25;2;0.31000000000000005;-276205878.0;885835191.96;3.3542857142857136;8.955
2025/06/19;2025;73;16272228;3.65;289979001.0;3.34;306251229.0;3.36;15.77;2.14;6;25;2;0.31000000000000005;-273706773.0;877168097.7;3.355714285714286;8.955
2025/06/18;2025;72;16038493;3.64;286945401.0;3.34;302983894.0;3.36;15.77;2.14;6;25;2;0.30000000000000027;-270906908.0;866990192.75;3.357142857142857;8.955
2025/06/17;2025;71;15824473;3.64;283334151.0;3.34;299158624.0;3.36;15.77;2.14;6;25;2;0.30000000000000027;-267509678.0;855887022.3499999;3.358571428571429;8.955
2025/06/16;2025;70;15596965;3.63;279848519.0;3.34;295445484.0;3.36;15.77;2.14;6;25;2;0.29000000000000004;-264251554.0;844839968.71;3.36;8.955
2025/06/13;2025;69;15413523;3.63;277087612.0;3.34;292501135.0;3.36;15.77;2.14;6;24;2;0.29000000000000004;-261674089.0;836038747.3900001;3.36;8.955
2025/06/12;2025;68;15221387;3.63;273632675.0;3.34;288854062.0;3.36;15.77;2.14;6;24;2;0.29000000000000004;-258411288.0;825615197.49;3.36;8.955
2025/06/11;2025;67;14999284;3.63;270027558.0;3.35;285026842.0;3.36;15.77;2.14;6;24;2;0.2799999999999998;-255028274.0;814397682.8;3.36;8.955
2025/06/10;2025;66;14718565;3.63;266170887.0;3.35;280889452.0;3.36;15.77;2.14;6;24;2;0.2799999999999998;-251452322.0;801717468.23;3.36;8.955
2025/06/09;2025;65;14415220;3.62;261987395.0;3.35;276402615.0;3.36;15.77;2.14;6;24;2;0.27;-247572175.0;787981044.7;3.36;8.955
2025/06/06;2025;64;14145013;3.62;258600207.0;3.35;272745220.0;3.36;15.77;2.14;6;23;2;0.27;-244455194.0;776471297.99;3.36;8.955
2025/06/05;2025;63;13959222;3.61;254593086.0;3.35;268552308.0;3.37;15.77;2.14;6;23;2;0.2599999999999998;-240633864.0;764966134.98;3.361428571428571;8.955
2025/06/04;2025;62;13673089;3.61;250344166.0;3.35;264017255.0;3.37;15.77;2.14;6;23;2;0.2599999999999998;-236671077.0;751361128.77;3.3628571428571425;8.955
2025/06/03;2025;61;13391378;3.6;245254539.0;3.35;258645917.0;3.37;15.77;2.14;6;23;2;0.25;-231863161.0;736026744.52;3.3642857142857143;8.955
2025/06/02;2025;60;13009762;3.59;240112374.0;3.36;253122136.0;3.37;15.77;2.14;6;23;2;0.22999999999999998;-227102612.0;719004427.1;3.365714285714286;8.955
2025/05/30;2025;59;12862952;3.59;236262926.0;3.36;249125878.0;3.37;15.77;2.14;5;22;2;0.22999999999999998;-223399974.0;708451414.6800001;3.367142857142857;8.955
2025/05/29;2025;58;12576863;3.59;231071341.0;3.36;243648204.0;3.37;15.77;2.14;5;22;2;0.22999999999999998;-218494478.0;692829799.25;3.3685714285714288;8.955
2025/05/27;2025;56;11897434;3.58;218673164.0;3.36;230570598.0;3.38;15.77;2.14;5;22;2;0.2200000000000002;-206775730.0;655583105.1400001;3.371428571428571;8.955
2025/05/23;2025;55;11554815;3.57;212883551.0;3.37;224438366.0;3.38;15.77;2.14;5;21;2;0.19999999999999973;-201328736.0;637790231.69;3.372857142857143;8.955
2025/05/22;2025;54;11280130;3.57;207725858.0;3.37;219005988.0;3.38;15.77;2.14;5;21;2;0.19999999999999973;-196445728.0;622420986.22;3.3742857142857146;8.955
2025/05/21;2025;53;10990244;3.56;202311637.0;3.37;213301881.0;3.38;15.77;2.14;5;21;2;0.18999999999999995;-191321393.0;606263051.06;3.3757142857142854;8.955
2025/05/20;2025;52;10679581;3.56;196486906.0;3.37;207166487.0;3.38;15.77;2.14;5;21;2;0.18999999999999995;-185807325.0;588898971.21;3.377142857142857;8.955
2025/05/19;2025;51;10347505;3.55;190333836.0;3.37;200681341.0;3.38;15.77;2.14;5;21;2;0.17999999999999972;-179986331.0;570494562.89;3.378571428571429;8.955
2025/05/15;2025;49;9808484;3.53;179432007.0;3.37;189240491.0;3.38;15.77;2.14;5;20;2;0.1599999999999997;-169623523.0;538664287.6600001;3.38;8.955
2025/05/14;2025;48;9546823;3.52;173480466.0;3.38;183027289.0;3.38;15.77;2.14;5;20;2;0.14000000000000012;-163933643.0;521801595.95000005;3.38;8.955
2025/05/13;2025;47;9222656;3.52;167444283.0;3.38;176666939.0;3.38;15.77;2.14;5;20;2;0.14000000000000012;-158221627.0;503772050.74;3.38;8.955
2025/05/12;2025;46;8849663;3.51;161046691.0;3.38;169896354.0;3.39;15.77;2.14;5;20;2;0.1299999999999999;-152197028.0;484199104.25;3.3814285714285712;8.955
2025/05/09;2025;45;8507401;3.5;155172308.0;3.38;163679709.0;3.39;15.77;2.14;5;19;2;0.1200000000000001;-146664907.0;466230452.89;3.382857142857143;8.955
2025/05/08;2025;44;8197574;3.49;149045532.0;3.38;157243106.0;3.39;15.77;2.14;5;19;2;0.11000000000000032;-140847958.0;448233180.46000004;3.3842857142857143;8.955
2025/05/07;2025;43;7864051;3.48;142801787.0;3.39;150665838.0;3.39;15.77;2.14;5;19;2;0.08999999999999986;-134937736.0;429611908.45;3.3857142857142857;8.955
2025/05/06;2025;42;7554487;3.47;136240220.0;3.39;143794707.0;3.4;15.77;2.14;5;19;2;0.08000000000000007;-128685733.0;410688330.79;3.3885714285714283;8.955
2025/05/05;2025;41;7239990;3.46;129791967.0;3.4;137031957.0;3.4;15.77;2.14;5;19;2;0.06000000000000005;-122551977.0;391929451.68;3.391428571428572;8.955
2025/05/02;2025;40;6871753;3.44;123546917.0;3.4;130418670.0;3.4;15.77;2.14;5;18;2;0.040000000000000036;-116675164.0;372757947.19000006;3.3942857142857146;8.955
2025/04/30;2025;39;6493516;3.43;116396231.0;3.4;122889747.0;3.4;15.77;2.14;4;18;2;0.03000000000000025;-109902715.0;351490681.65999997;3.3957142857142855;8.955
2025/04/29;2025;38;6184019;3.41;110295380.0;3.4;116479399.0;3.4;15.77;2.14;4;18;2;0.010000000000000231;-104111361.0;333554092.83000004;3.3971428571428572;8.955
2025/04/28;2025;37;5862554;3.38;104057973.0;3.41;109920527.0;3.41;15.77;2.14;4;18;2;-0.03000000000000025;-98195419.0;315136538.8;3.4;8.955
2025/04/25;2025;36;5555546;3.36;98766978.0;3.41;104322524.0;3.41;15.77;2.14;4;17;2;-0.050000000000000266;-93211432.0;298972293.34000003;3.402857142857143;8.955
2025/04/24;2025;35;5289116;3.35;93836967.0;3.42;99126083.0;3.41;15.77;2.14;4;17;2;-0.06999999999999984;-88547851.0;284220468.70000005;3.4042857142857144;8.955
2025/04/23;2025;34;5004150;3.34;88986651.0;3.42;93990801.0;3.42;15.77;2.14;4;17;2;-0.08000000000000007;-83982501.0;269346878.64;3.407142857142857;8.955
2025/04/22;2025;33;4748558;3.32;84196861.0;3.43;88945419.0;3.42;15.77;2.14;4;17;2;-0.11000000000000032;-79448303.0;255066042.20000002;3.41;8.955
2025/04/17;2025;32;4510146;3.31;80611522.0;3.44;85121668.0;3.43;15.77;2.14;4;16;2;-0.1299999999999999;-76101376.0;243633659.5;3.4142857142857146;8.955
2025/04/16;2025;31;4320194;3.3;77007907.0;3.44;81328101.0;3.43;15.77;2.14;4;16;2;-0.14000000000000012;-72687713.0;232926380.36;3.4185714285714286;8.955
2025/04/15;2025;30;4093086;3.28;72219722.0;3.45;76312808.0;3.44;15.77;2.14;4;16;2;-0.17000000000000037;-68126636.0;219098171.3;3.422857142857143;8.955
2025/04/14;2025;29;3845956;3.27;67696258.0;3.46;71542214.0;3.45;15.77;2.14;4;16;2;-0.18999999999999995;-63850302.0;205520718.24;3.4285714285714284;8.955
2025/04/11;2025;28;3615781;3.25;64040299.0;3.48;67656080.0;3.47;15.77;2.14;4;15;2;-0.22999999999999998;-60424518.0;194067106.23000002;3.437142857142857;8.955
2025/04/10;2025;27;3466626;3.24;60548184.0;3.48;64014810.0;3.46;15.77;2.14;4;15;2;-0.23999999999999977;-57081558.0;184241805.78;3.442857142857143;8.955
2025/04/09;2025;26;3265246;3.23;57446602.0;3.49;60711848.0;3.47;15.77;2.14;4;15;2;-0.26000000000000023;-54181356.0;174428657.7;3.4499999999999997;8.955
2025/04/08;2025;25;3070854;3.21;53532071.0;3.49;56602925.0;3.47;15.77;2.14;4;15;2;-0.28000000000000025;-50461217.0;162985999.52;3.455714285714286;8.955
2025/04/07;2025;24;2824860;3.19;47147972.0;3.47;49972832.0;3.45;15.77;2.14;4;15;2;-0.28000000000000025;-44323112.0;145444702.28;3.4585714285714286;8.955
2025/04/04;2025;23;2623927;3.17;42248799.0;3.45;44872726.0;3.43;15.77;2.14;4;14;2;-0.28000000000000025;-39624872.0;131791758.65;3.457142857142857;8.955
2025/04/03;2025;22;2453762;3.17;39218712.0;3.45;41672474.0;3.43;15.77;2.14;4;14;2;-0.28000000000000025;-36764950.0;122623870.42000002;3.454285714285714;8.955
2025/04/02;2025;21;2305325;3.17;36499480.0;3.45;38804805.0;3.44;15.77;2.14;4;14;2;-0.28000000000000025;-34194155.0;114463862.45;3.45;8.955
2025/04/01;2025;20;2177882;3.16;34182745.0;3.46;36360627.0;3.44;15.77;2.14;4;14;2;-0.2999999999999998;-32004863.0;107496273.44;3.4471428571428575;8.955
2025/03/31;2025;19;2089920;3.14;32327335.0;3.47;34417255.0;3.45;15.77;2.14;3;14;1;-0.33000000000000007;-30237415.0;102138535.30000001;3.444285714285715;8.955
2025/03/28;2025;18;2059839;3.14;31362806.0;3.47;33422645.0;3.45;15.77;2.14;3;13;1;-0.33000000000000007;-29302967.0;99600065.87;3.4414285714285713;8.955
2025/03/27;2025;16;1937265;3.12;28625320.0;3.47;30562585.0;3.45;15.77;2.14;3;13;1;-0.3500000000000001;-26688055.0;91808853.85000001;3.4414285714285713;8.955
2025/03/26;2025;15;1814434;3.11;26860708.0;3.48;28675142.0;3.45;15.77;2.14;3;13;1;-0.3700000000000001;-25046274.0;86095539.30000001;3.4442857142857144;8.955
2025/03/25;2025;14;1668207;3.1;24956023.0;3.49;26624230.0;3.47;15.77;2.14;3;13;1;-0.3900000000000001;-23287816.0;79713513.61000001;3.45;8.955
2025/03/21;2025;13;1384849;3.04;20033358.0;3.53;21418207.0;3.5;15.77;2.14;3;12;1;-0.48999999999999977;-18648509.0;64710454.85000001;3.4585714285714286;8.955
2025/03/20;2025;12;1296056;3.03;17701917.0;3.53;18997973.0;3.5;15.77;2.14;3;12;1;-0.5;-16405861.0;58320905.5;3.4671428571428575;8.955
2025/03/19;2025;11;1209054;3.03;15911596.0;3.53;17120650.0;3.49;15.77;2.14;3;12;1;-0.5;-14702542.0;53117597.02;3.472857142857143;8.955
2025/03/18;2025;10;1075768;3.03;14298140.0;3.54;15373908.0;3.51;15.77;2.14;3;12;1;-0.5100000000000002;-13222372.0;47562880.96;3.4814285714285718;8.955
2025/03/15;2025;9;948516;3.0;11930051.0;3.57;12878567.0;3.53;15.77;2.14;3;11;1;-0.5699999999999998;-10981535.0;40488406.46;3.4928571428571433;8.955
2025/03/14;2025;8;837827;2.96;10188049.0;3.59;11025876.0;3.54;15.77;2.14;3;11;1;-0.6299999999999999;-9350222.0;35014956.650000006;3.505714285714286;8.955
2025/03/13;2025;7;757390;2.94;8371470.0;3.56;9128860.0;3.508560740333404;15.77;2.14;3;11;1;-0.6200000000000001;-7614080.0;29858986.1;3.511222962904772;8.955
2025/03/12;2025;6;663705;2.92;6596853.0;3.55;7260558.0;3.492410190786989;15.77;2.14;3;11;1;-0.6299999999999999;-5933148.0;24583893.27;3.51013870444577;8.955
2025/03/10;2025;4;437724;2.85;3580992.0;3.59;4018716.0;3.5093981958416567;15.77;2.14;3;11;1;-0.7399999999999998;-3143268.0;14566230.36;3.511481303851721;8.955
2025/03/07;2025;3;328294;2.87;1713146.0;3.39;2041440.0;3.306376244219767;15.77;2.14;3;10;1;-0.52;-1384852.0;8843328.82;3.48524933874026;8.955
2025/03/02;2025;2;200316;2.78;1044926.0;3.46;1245242.0;3.350611720452731;15.77;2.14;3;9;1;-0.6800000000000002;-844610.0;5395124.96;3.462479584519221;8.955
2025/03/01;2025;1;69475;2.96;172787221.15555555;3.399666666666666;172856696.15555555;3.3994899547292867;15.77;2.14;3;9;1;-0.4396666666666662;-172717746.15555555;370860274.0228889;3.443835292337691;8.955
2024/09/02;2024;118;13885298;3.55;217792927.0;3.42;231678225.0;3.43;0.64;1.2;9;36;3;0.1299999999999999;-203907629.0;270238103.12;3.4281210066234045;8.381071428571428
2024/08/29;2024;116;13885298;3.55;217745457.0;3.42;231630755.0;3.43;0.64;1.2;8;35;3;0.1299999999999999;-203860159.0;270181139.12;3.4168980437186325;7.807142857142857
2024/08/28;2024;115;13849436;3.55;217623425.0;3.42;231472861.0;3.43;0.64;1.2;8;35;3;0.1299999999999999;-203773989.0;270011749.04;3.407982302177634;7.233214285714285
2024/08/22;2024;111;13849436;3.55;217248447.0;3.42;231097883.0;3.43;0.64;1.2;8;34;3;0.1299999999999999;-203399011.0;269561775.44;3.396639702771684;6.659285714285715
2024/08/21;2024;110;13826991;3.56;217039542.0;3.42;230866533.0;3.43;0.64;1.2;8;34;3;0.14000000000000012;-203212551.0;269296724.64;3.414300239311717;6.085357142857143
2024/08/20;2024;109;13817490;3.56;217088828.0;3.42;230906318.0;3.43;0.64;1.2;8;34;3;0.14000000000000012;-203271338.0;269349787.2;3.425641422104184;5.5114285714285725
2024/08/19;2024;108;13817490;3.56;217037541.0;3.42;230855032.0;3.43;0.64;1.2;8;34;3;0.14000000000000012;-203220051.0;269288242.8;3.43;4.9375
2024/08/16;2024;107;13817490;3.56;217035397.0;3.42;230852887.0;3.43;0.64;1.2;8;33;3;0.14000000000000012;-203217907.0;269285670.0;3.43;4.363571428571428
2024/08/15;2024;106;13817490;3.56;217033464.0;3.42;230850954.0;3.43;0.64;1.2;8;33;3;0.14000000000000012;-203215974.0;269283350.4;3.43;3.7896428571428578
2024/08/09;2024;104;13786182;3.56;216815962.0;3.42;230602144.0;3.43;0.64;1.2;8;32;3;0.14000000000000012;-203029780.0;269002310.88;3.43;3.2157142857142853
2024/08/08;2024;103;13778023;3.56;216636632.0;3.42;230414655.0;3.43;0.64;1.2;8;32;3;0.14000000000000012;-202858609.0;268781893.12;3.43;2.641785714285714
2024/08/07;2024;102;13767959;3.56;216226488.0;3.42;229994447.0;3.43;0.64;1.2;8;32;3;0.14000000000000012;-202458529.0;268283279.35999998;3.43;2.067857142857143
2024/08/06;2024;101;13751980;3.56;216113033.0;3.42;229865013.0;3.43;0.64;1.2;8;32;3;0.14000000000000012;-202361053.0;268136906.79999998;3.43;1.4939285714285713
2024/08/05;2024;100;13739398;3.57;215942433.0;3.42;229681831.0;3.43;0.64;1.2;8;32;3;0.1499999999999999;-202203035.0;267924134.32;3.43;0.9199999999999999
2024/08/02;2024;99;13723690;3.57;215832291.0;3.42;229555981.0;3.43;0.64;1.2;8;31;3;0.1499999999999999;-202108601.0;267781910.79999998;3.43;0.9199999999999999
2024/08/01;2024;98;13711389;3.57;215527916.0;3.42;229239305.0;3.43;0.64;1.2;8;31;3;0.1499999999999999;-201816527.0;267408788.16;3.43;0.9199999999999999
2024/07/31;2024;97;13690689;3.57;215220377.0;3.42;228911066.0;3.43;0.64;1.2;7;31;3;0.1499999999999999;-201529688.0;267026493.35999998;3.43;0.9199999999999999
2024/07/30;2024;96;13601951;3.57;215030251.0;3.42;228632202.0;3.43;0.64;1.2;7;31;3;0.1499999999999999;-201428300.0;266741549.83999997;3.43;0.9199999999999999
2024/07/29;2024;95;13589484;3.57;214863137.0;3.42;228452621.0;3.43;0.64;1.2;7;31;3;0.1499999999999999;-201273653.0;266533034.15999997;3.43;0.9199999999999999
2024/07/26;2024;94;13517294;3.57;214666878.0;3.42;228184172.0;3.43;0.64;1.2;7;30;3;0.1499999999999999;-201149584.0;266251321.76;3.43;0.9199999999999999
2024/07/25;2024;93;13445660;3.58;214353060.0;3.42;227798720.0;3.43;0.64;1.2;7;30;3;0.16000000000000014;-200907400.0;265828894.4;3.43;0.9199999999999999
2024/07/24;2024;92;13421198;3.58;213605741.0;3.42;227026939.0;3.43;0.64;1.2;7;30;3;0.16000000000000014;-200184543.0;264916455.92;3.43;0.9199999999999999
2024/07/23;2024;91;13341367;3.58;213351282.0;3.42;226692649.0;3.43;0.64;1.2;7;30;3;0.16000000000000014;-200009915.0;264560013.27999997;3.43;0.9199999999999999
2024/07/22;2024;90;13311991;3.58;212985413.0;3.42;226297404.0;3.43;0.64;1.2;7;30;3;0.16000000000000014;-199673422.0;264102169.84;3.43;0.9199999999999999
2024/07/19;2024;89;13230135;3.58;212751911.0;3.43;225982046.0;3.43;0.64;1.2;7;29;3;0.1499999999999999;-199521776.0;263769579.6;3.43;0.9199999999999999
2024/07/18;2024;88;13145531;3.59;212122812.0;3.42;225268343.0;3.43;0.64;1.2;7;29;3;0.16999999999999993;-198977281.0;262960514.23999998;3.43;0.9199999999999999
2024/07/17;2024;87;13105485;3.59;211408728.0;3.43;224514213.0;3.44;0.64;1.2;7;29;3;0.1599999999999997;-198303243.0;262077984.0;3.4314285714285715;0.9199999999999999
2024/07/16;2024;86;13003739;3.59;210857662.0;3.43;223861401.0;3.44;0.64;1.2;7;29;3;0.1599999999999997;-197853923.0;261351587.35999998;3.432857142857143;0.9199999999999999
2024/07/15;2024;85;12974831;3.59;210334629.0;3.43;223309460.0;3.44;0.64;1.2;7;29;3;0.1599999999999997;-197359798.0;260705446.64;3.434285714285714;0.9199999999999999
2024/07/12;2024;84;12929654;3.59;209944747.0;3.43;222874401.0;3.44;0.64;1.2;7;28;3;0.1599999999999997;-197015093.0;260208674.95999998;3.435714285714286;0.9199999999999999
2024/07/11;2024;83;12858604;3.6;209126865.0;3.43;221985469.0;3.44;0.64;1.2;7;28;3;0.16999999999999993;-196268261.0;259181744.56;3.4371428571428573;0.9199999999999999
2024/07/10;2024;82;12782366;3.6;208348350.0;3.43;221130716.0;3.44;0.64;1.2;7;28;3;0.16999999999999993;-195565984.0;258198734.24;3.4385714285714286;0.9199999999999999
2024/07/09;2024;81;12699688;3.6;207644342.0;3.43;220344030.0;3.44;0.64;1.2;7;28;3;0.16999999999999993;-194944654.0;257301010.71999997;3.44;0.9199999999999999
2024/07/08;2024;80;12622039;3.6;206770670.0;3.43;219392709.0;3.44;0.64;1.2;7;28;3;0.16999999999999993;-194148631.0;256202908.96;3.44;0.9199999999999999
2024/07/05;2024;79;12547624;3.6;206084693.0;3.43;218632317.0;3.44;0.64;1.2;7;27;3;0.16999999999999993;-193537069.0;255332110.96;3.44;0.9199999999999999
2024/07/04;2024;78;12442657;3.6;204900617.0;3.43;217343274.0;3.44;0.64;1.2;7;27;3;0.16999999999999993;-192457960.0;253844040.87999997;3.44;0.9199999999999999
2024/07/03;2024;77;12335687;3.6;203757354.0;3.44;216093041.0;3.45;0.64;1.2;7;27;3;0.16000000000000014;-191421667.0;252403664.48;3.4414285714285713;0.9199999999999999
2024/07/02;2024;76;12214794;3.6;202551084.0;3.44;214765878.0;3.45;0.64;1.2;7;27;3;0.16000000000000014;-190336290.0;250878768.95999998;3.4428571428571426;0.9199999999999999
2024/07/01;2024;75;12101499;3.6;201035756.0;3.44;213137255.0;3.45;0.64;1.2;7;27;3;0.16000000000000014;-188934257.0;248987866.56;3.4442857142857144;0.9199999999999999
2024/06/28;2024;74;12005508;3.6;200225608.0;3.44;212231116.0;3.45;0.64;1.2;6;26;2;0.16000000000000014;-188220100.0;247954254.72;3.4457142857142857;0.9199999999999999
2024/06/27;2024;73;11918748;3.6;198538945.0;3.44;210457693.0;3.45;0.64;1.2;6;26;2;0.16000000000000014;-186620197.0;245874732.72;3.4471428571428575;0.9199999999999999
2024/06/26;2024;72;11781407;3.61;197058703.0;3.44;208840110.0;3.45;0.64;1.2;6;26;2;0.16999999999999993;-185277296.0;244010544.07999998;3.448571428571429;0.9199999999999999
2024/06/25;2024;71;11663698;3.61;195192677.0;3.45;206856375.0;3.46;0.64;1.2;6;26;2;0.1599999999999997;-183528979.0;241695979.12;3.4514285714285715;0.9199999999999999
2024/06/24;2024;70;11530163;3.6;193102274.0;3.45;204632437.0;3.46;0.64;1.2;6;26;2;0.1499999999999999;-181572111.0;239102033.11999997;3.4528571428571433;0.9199999999999999
2024/06/21;2024;69;11431575;3.61;191858848.0;3.45;203290423.0;3.46;0.64;1.2;6;25;2;0.1599999999999997;-180427273.0;237546825.6;3.454285714285714;0.9199999999999999
2024/06/20;2024;68;11319704;3.61;190148650.0;3.45;201468354.0;3.46;0.64;1.2;6;25;2;0.1599999999999997;-178828946.0;235422990.56;3.455714285714286;0.9199999999999999
2024/06/18;2024;66;11085450;3.6;186633916.0;3.46;197719366.0;3.47;0.64;1.2;6;25;2;0.14000000000000012;-175548466.0;231055387.2;3.4585714285714286;0.9199999999999999
2024/06/13;2024;63;10775217;3.6;180257196.0;3.47;191032413.0;3.47;0.64;1.2;6;24;2;0.1299999999999999;-169481979.0;223204774.07999998;3.4614285714285713;0.9199999999999999
2024/06/12;2024;62;10651901;3.6;178000152.0;3.47;188652053.0;3.48;0.64;1.2;6;24;2;0.1299999999999999;-167348251.0;220417399.04000002;3.4657142857142857;0.9199999999999999
2024/06/11;2024;61;10507442;3.6;175671005.0;3.47;186178447.0;3.48;0.64;1.2;6;24;2;0.1299999999999999;-165163563.0;217529968.88;3.468571428571429;0.9199999999999999
2024/06/10;2024;60;10388985;3.6;173067608.0;3.48;183456593.0;3.48;0.64;1.2;6;24;2;0.1200000000000001;-162678623.0;214330080.0;3.471428571428571;0.9199999999999999
2024/06/07;2024;59;10281795;3.6;171254162.0;3.48;181535957.0;3.49;0.64;1.2;6;23;2;0.1200000000000001;-160972367.0;212085343.20000002;3.475714285714286;0.9199999999999999
2024/06/06;2024;58;10189117;3.6;168895472.0;3.48;179084589.0;3.49;0.64;1.2;6;23;2;0.1200000000000001;-158706355.0;209195601.28;3.48;0.9199999999999999
2024/06/05;2024;57;10066514;3.6;166544652.0;3.48;176611166.0;3.49;0.64;1.2;6;23;2;0.1200000000000001;-156478138.0;206296151.36;3.482857142857143;0.9199999999999999
2024/06/04;2024;56;9909381;3.6;163847306.0;3.49;173756687.0;3.49;0.64;1.2;6;23;2;0.10999999999999988;-153937925.0;202958771.04;3.4857142857142853;0.9199999999999999
2024/06/03;2024;55;9728472;3.61;160743151.0;3.49;170471623.0;3.5;0.64;1.2;6;23;2;0.11999999999999966;-151014679.0;199118003.28;3.488571428571429;0.9199999999999999
2024/05/31;2024;54;9613706;3.61;158875676.0;3.5;168489382.0;3.5;0.64;1.2;5;22;2;0.10999999999999988;-149261970.0;196803583.04;3.491428571428571;0.9199999999999999
2024/05/30;2024;53;9485295;3.61;156266346.0;3.5;165751641.0;3.5;0.64;1.2;5;22;2;0.10999999999999988;-146781051.0;193590204.0;3.494285714285714;0.9199999999999999
2024/05/29;2024;52;9330460;3.62;153468315.0;3.5;162798775.0;3.51;0.64;1.2;5;22;2;0.1200000000000001;-144137855.0;190133472.4;3.4971428571428573;0.9199999999999999
2024/05/28;2024;51;9169147;3.62;150183134.0;3.51;159352281.0;3.51;0.64;1.2;5;22;2;0.11000000000000032;-141013987.0;186088014.88;3.5;0.9199999999999999
2024/05/27;2024;50;8972849;3.63;146911087.0;3.51;155883936.0;3.52;0.64;1.2;5;22;2;0.1200000000000001;-137938238.0;182035927.76000002;3.5042857142857144;0.9199999999999999
2024/05/24;2024;49;8837208;3.63;144346753.0;3.51;153183961.0;3.52;0.64;1.2;5;21;2;0.1200000000000001;-135509545.0;178871916.72;3.5085714285714285;0.9199999999999999
2024/05/23;2024;48;8730115;3.64;142053083.0;3.51;150783198.0;3.52;0.64;1.2;5;21;2;0.13000000000000034;-133322968.0;176050973.2;3.5114285714285716;0.9199999999999999
2024/05/22;2024;47;8589078;3.64;139285461.0;3.52;147874539.0;3.53;0.64;1.2;5;21;2;0.1200000000000001;-130696383.0;172639563.11999997;3.5157142857142856;0.9199999999999999
2024/05/21;2024;46;8375024;3.65;136203000.0;3.52;144578024.0;3.53;0.64;1.2;5;21;2;0.1299999999999999;-127827976.0;168803615.36;3.5199999999999996;0.9199999999999999
2024/05/20;2024;45;8176998;3.66;132896338.0;3.53;141073336.0;3.54;0.64;1.2;5;21;2;0.13000000000000034;-124719340.0;164708884.32;3.524285714285714;0.9199999999999999
2024/05/17;2024;44;8011960;3.66;130112457.0;3.53;138124417.0;3.54;0.64;1.2;5;20;2;0.13000000000000034;-122100497.0;161262602.8;3.5285714285714285;0.9199999999999999
2024/05/16;2024;43;7872466;3.67;127207983.0;3.53;135080449.0;3.53;0.64;1.2;5;20;2;0.14000000000000012;-119335517.0;157687957.84;3.53;0.9199999999999999
2024/05/15;2024;42;7697947;3.67;124465599.0;3.54;132163546.0;3.54;0.64;1.2;5;20;2;0.1299999999999999;-116767652.0;154285404.88;3.5328571428571425;0.9199999999999999
2024/05/14;2024;41;7496744;3.68;121534195.0;3.54;129030939.0;3.55;0.64;1.2;5;20;2;0.14000000000000012;-114037451.0;150638950.16;3.537142857142857;0.9199999999999999
2024/05/13;2024;40;7255854;3.7;117849018.0;3.55;125104872.0;3.56;0.64;1.2;5;20;2;0.15000000000000036;-110593164.0;146062568.16;3.5414285714285714;0.9199999999999999
2024/05/10;2024;39;7051720;3.71;114939255.0;3.55;121990975.0;3.56;0.64;1.2;5;19;2;0.16000000000000014;-107887535.0;142440206.8;3.545714285714286;0.9199999999999999
2024/05/09;2024;38;6898968;3.72;112612778.0;3.55;119511746.0;3.56;0.64;1.2;5;19;2;0.17000000000000037;-105713810.0;139550673.12;3.5485714285714285;0.9199999999999999
2024/05/08;2024;37;6696210;3.73;109700059.0;3.56;116396269.0;3.57;0.64;1.2;5;19;2;0.16999999999999993;-103003849.0;135925645.2;3.5528571428571425;0.9199999999999999
2024/05/07;2024;36;6433502;3.74;106547563.0;3.56;112981065.0;3.57;0.64;1.2;5;19;2;0.18000000000000016;-100114061.0;131974516.88;3.5585714285714287;0.9199999999999999
2024/05/06;2024;35;6190863;3.76;102923825.0;3.57;109114688.0;3.58;0.64;1.2;5;19;2;0.18999999999999995;-96732962.0;127470742.32;3.564285714285714;0.9199999999999999
2024/05/03;2024;34;5955796;3.76;99860493.0;3.57;105816289.0;3.58;0.64;1.2;5;18;2;0.18999999999999995;-93904697.0;123644301.03999999;3.5685714285714285;0.9199999999999999
2024/05/02;2024;33;5714690;3.77;95305929.0;3.57;101020619.0;3.58;0.64;1.2;5;18;2;0.20000000000000018;-89591239.0;118024516.39999999;3.5714285714285716;0.9199999999999999
2024/04/30;2024;32;5412701;3.77;89893228.0;3.56;95305929.0;3.58;0.64;1.2;4;18;2;0.20999999999999996;-84480527.0;111336002.24;3.5742857142857143;0.9199999999999999
2024/04/29;2024;31;5126666;3.76;85637893.0;3.57;90764559.0;3.58;0.64;1.2;4;18;2;0.18999999999999995;-80511227.0;106046537.83999999;3.5771428571428574;0.9199999999999999
2024/04/26;2024;30;4911066;3.75;81571052.0;3.57;86482118.0;3.58;0.64;1.2;4;17;2;0.18000000000000016;-76659986.0;101028344.63999999;3.5785714285714287;0.9199999999999999
2024/04/25;2024;29;4743773;3.75;78821930.0;3.57;83565703.0;3.58;0.64;1.2;4;17;2;0.18000000000000016;-74078157.0;97622330.72;3.58;0.9199999999999999
2024/04/24;2024;28;4549014;3.75;75156652.0;3.56;79705666.0;3.57;0.64;1.2;4;17;2;0.18999999999999995;-70607638.0;93099351.35999998;3.5785714285714283;0.9199999999999999
2024/04/22;2024;26;4080340;3.74;66383277.0;3.55;70463617.0;3.56;0.64;1.2;4;17;2;0.1900000000000004;-62302937.0;82271349.99999999;3.575714285714286;0.9199999999999999
2024/04/19;2024;25;3843955;3.73;63433417.0;3.56;67277372.0;3.57;0.64;1.2;4;16;2;0.16999999999999993;-59589462.0;78580231.6;3.5742857142857143;0.9199999999999999
2024/04/17;2024;24;3606606;3.71;57892526.0;3.53;61499132.0;3.55;0.64;1.2;4;16;2;0.18000000000000016;-54285920.0;71779259.04;3.5700000000000003;0.9199999999999999
2024/04/16;2024;23;3606606;3.71;57892526.0;3.53;61499132.0;3.55;0.64;1.2;4;16;2;0.18000000000000016;-54285920.0;71779259.04;3.5657142857142854;0.9199999999999999
2024/04/15;2024;22;3388756;3.69;53330580.0;3.52;56719336.0;3.53;0.64;1.2;4;16;2;0.16999999999999993;-49941824.0;66165499.84;3.5585714285714287;0.9199999999999999
2024/04/12;2024;21;3182053;3.66;49518089.0;3.52;52700142.0;3.53;0.64;1.2;4;15;2;0.14000000000000012;-46336036.0;61458220.72;3.551428571428571;0.9199999999999999
2024/04/11;2024;20;3084398;3.65;47094959.0;3.52;50179357.0;3.52;0.64;1.2;4;15;2;0.1299999999999999;-44010561.0;58487965.519999996;3.544285714285714;0.9199999999999999
2024/04/09;2024;18;2774103;3.61;41380270.0;3.49;44154373.0;3.5;0.64;1.2;4;15;2;0.11999999999999966;-38606167.0;51431749.92;3.5357142857142856;0.9199999999999999
2024/04/08;2024;17;2583334;3.58;38432613.0;3.49;41015947.0;3.49;0.64;1.2;4;15;2;0.08999999999999986;-35849279.0;47772469.36;3.524285714285714;0.9199999999999999
2024/04/05;2024;16;2437609;3.56;35922465.0;3.48;38360074.0;3.48;0.64;1.2;4;14;2;0.08000000000000007;-33484856.0;44667027.76;3.514285714285714;0.9199999999999999
2024/04/04;2024;15;2333026;3.55;33445047.0;3.47;35778073.0;3.48;0.64;1.2;4;14;2;0.07999999999999963;-31112021.0;41627193.04;3.5042857142857144;0.9199999999999999
2024/04/03;2024;14;2166943;3.53;30791093.0;3.47;32958036.0;3.47;0.64;1.2;4;14;2;0.05999999999999961;-28624150.0;38336155.120000005;3.4957142857142856;0.9199999999999999
2024/04/02;2024;13;1957701;3.51;27620169.0;3.47;29577870.0;3.48;0.64;1.2;4;14;2;0.03999999999999959;-25662468.0;34397131.44;3.4885714285714284;0.9199999999999999
2024/03/28;2024;12;1762936;3.49;24496325.0;3.46;26259261.0;3.47;0.64;1.2;3;13;1;0.03000000000000025;-22733389.0;30523869.04;3.481428571428571;0.9199999999999999
2024/03/27;2024;11;1645595;3.47;21951170.0;3.43;23596765.0;3.43;0.64;1.2;3;13;1;0.040000000000000036;-20305575.0;27394584.8;3.4714285714285715;0.9199999999999999
2024/03/26;2024;10;1502722;3.45;18768798.0;3.42;20271520.0;3.42;0.64;1.2;3;13;1;0.03000000000000025;-17266076.0;23484299.68;3.4614285714285713;0.9199999999999999
2024/03/25;2024;9;1295453;3.4;16156823.0;3.41;17452276.0;3.4;0.64;1.2;3;13;1;-0.010000000000000231;-14861370.0;20217277.52;3.4499999999999997;0.9199999999999999
2024/03/22;2024;8;1142780;3.36;14038746.0;3.39;15181526.0;3.39;0.64;1.2;3;12;1;-0.03000000000000025;-12895966.0;17577874.4;3.437142857142857;0.9199999999999999
2024/03/21;2024;7;1053384;3.33;12469040.0;3.34;13522424.0;3.34;0.64;1.2;3;12;1;-0.009999999999999787;-11415656.0;15637013.76;3.4185714285714286;0.9199999999999999
2024/03/20;2024;6;942167;3.29;10695459.0;3.31;11637626.0;3.31;0.64;1.2;3;12;1;-0.020000000000000018;-9753292.0;13437537.68;3.3942857142857146;0.9199999999999999
2024/03/19;2024;5;799274;3.25;8113182.0;3.22;8912456.0;3.22;0.64;1.2;3;12;1;0.029999999999999805;-7313908.0;10247353.76;3.358571428571428;0.9199999999999999
2024/03/18;2024;4;635952;3.19;5943329.0;3.21;6579281.0;3.2;0.64;1.2;3;12;1;-0.020000000000000018;-5307377.0;7539004.08;3.325714285714285;0.9199999999999999
2024/03/15;2024;3;489170;3.15;3659233.0;3.11;4148403.0;3.12;0.64;1.2;3;11;1;0.040000000000000036;-3170063.0;4704148.399999999;3.282857142857143;0.9199999999999999
2024/03/14;2024;2;330138;3.12;1006435.0;3.09;1336573.0;3.1;0.64;1.2;3;11;1;0.03000000000000025;-676297.0;1419010.32;3.2399999999999998;0.9199999999999999
2024/03/13;2024;1;109948;3.12;1006435.0;3.09;1116383.0;3.092954577416532;0.64;1.2;3;11;1;0.03000000000000025;-896487.0;1278088.72;3.1975649396309334;0.9199999999999999
2023/08/21;2023;110;19913679;2.86;275747183.0;3.04;295660862.0;3.03;11.6;1.95;8;34;3;-0.18000000000000016;-255833504.0;768705683.25;3.1532792253452193;1.3382142857142856
2023/08/18;2023;109;19913679;2.86;275721741.0;3.04;295635420.0;3.03;11.6;1.95;8;33;3;-0.18000000000000016;-255808062.0;768656071.3499999;3.113279225345219;1.7564285714285712
2023/08/17;2023;108;19913679;2.86;275586103.0;3.04;295499782.0;3.03;11.6;1.95;8;33;3;-0.18000000000000016;-255672424.0;768391577.25;3.0861363682023617;2.174642857142857
2023/08/11;2023;107;19913679;2.86;275462212.0;3.04;295375891.0;3.03;11.6;1.95;8;32;3;-0.18000000000000016;-255548533.0;768149989.8;3.0618506539166472;2.5928571428571425
2023/08/10;2023;106;19913679;2.86;275273521.0;3.04;295187200.0;3.03;11.6;1.95;8;32;3;-0.18000000000000016;-255359842.0;767782042.35;3.0489935110595043;3.011071428571428
2023/08/09;2023;105;19913679;2.86;274964808.0;3.04;294878487.0;3.03;11.6;1.95;8;32;3;-0.18000000000000016;-255051129.0;767180052.0;3.0389935110595045;3.429285714285714
2023/08/08;2023;104;19913679;2.86;274924054.0;3.04;294837733.0;3.03;11.6;1.95;8;32;3;-0.18000000000000016;-255010375.0;767100581.7;3.03;3.8474999999999997
2023/08/07;2023;103;19913679;2.86;274877908.0;3.04;294791587.0;3.03;11.6;1.95;8;32;3;-0.18000000000000016;-254964229.0;767010597.0;3.03;4.265714285714286
2023/08/04;2023;102;19913679;2.86;274830000.0;3.04;294743679.0;3.0278387138541487;11.6;1.95;8;31;3;-0.18000000000000016;-254916321.0;766917176.4;3.029691244836307;4.683928571428571
2023/08/03;2023;101;19913679;2.86;274371070.0;3.04;294284749.0;3.0278197486204084;11.6;1.95;8;31;3;-0.18000000000000016;-254457391.0;766022262.9;3.029379780353508;5.102142857142857
2023/08/02;2023;100;19913679;2.86;274119926.0;3.04;294033605.0;3.027809345057685;11.6;1.95;8;31;3;-0.18000000000000016;-254206247.0;765532532.1;3.029066829647463;5.520357142857143
2023/07/31;2023;99;19913679;2.86;273870143.0;3.04;293783822.0;3.0277989802311174;11.6;1.95;7;31;3;-0.18000000000000016;-253956464.0;765045455.25;3.0287523982519082;5.938571428571428
2023/07/28;2023;98;19891005;2.86;273803474.0;3.04;293694479.0;3.0278091651154257;11.6;1.95;7;30;3;-0.18000000000000016;-253912469.0;764652432.3;3.0284394218398263;6.3567857142857145
2023/07/27;2023;97;19891005;2.86;273273268.0;3.04;293164273.0;3.0277871172248876;11.6;1.95;7;30;3;-0.18000000000000016;-253382263.0;763618530.5999999;3.028123295729096;6.7749999999999995
2023/07/26;2023;96;19884588;2.87;272982716.0;3.04;292867299.0;3.03;11.59;1.95;7;30;3;-0.16999999999999993;-253098128.0;762778671.12;3.028123295729096;6.774642857142857
2023/07/25;2023;95;19884588;2.87;272700687.0;3.04;292585275.0;3.03;11.59;1.95;7;30;3;-0.16999999999999993;-252816099.0;762228714.5699999;3.028432050892789;6.774285714285713
2023/07/24;2023;94;19884588;2.87;272451178.0;3.04;292335766.0;3.028436652804228;11.59;1.96;7;30;3;-0.16999999999999993;-252566590.0;764466683.8;3.028520180061906;6.774285714285713
2023/07/21;2023;93;19884588;2.87;271925306.0;3.04;291809894.0;3.0284158144411646;11.59;1.95;7;29;3;-0.16999999999999993;-252040718.0;760716721.62;3.0286068185452604;6.773928571428571
2023/07/20;2023;92;19884588;2.87;271228920.0;3.04;291113508.0;3.0283881033785622;11.59;1.96;7;29;3;-0.16999999999999993;-251344332.0;762071058.12;3.0286909789948955;6.773928571428571
2023/07/19;2023;91;19866707;2.87;270634406.0;3.04;290501113.0;3.0283740886390342;11.55;1.96;7;29;3;-0.16999999999999993;-250767699.0;759903901.61;3.028771682355411;6.7725
2023/07/18;2023;90;19866707;2.87;270500527.0;3.04;290367234.0;3.02836872830493;11.55;1.96;7;29;3;-0.16999999999999993;-250633820.0;759641498.77;3.02885476965256;6.771071428571429
2023/07/17;2023;89;19854949;2.87;270111908.0;3.04;289966857.0;3.0283595616239687;11.55;1.96;7;29;3;-0.16999999999999993;-250256959.0;758744000.63;3.028620421313127;6.769642857142856
2023/07/14;2023;88;19854949;2.87;269827294.0;3.04;289682243.0;3.0283481248451944;11.55;1.96;7;28;3;-0.16999999999999993;-249972345.0;758186157.19;3.0283844391481547;6.768214285714286
2023/07/13;2023;87;19854949;2.87;268872665.0;3.04;288727614.0;3.028309599891613;11.55;1.96;7;28;3;-0.16999999999999993;-249017716.0;756315084.35;3.028366288732067;6.766785714285715
2023/07/12;2023;86;19826869;2.87;268346387.0;3.04;288173256.0;3.0283036761398843;11.51;1.96;7;28;3;-0.16999999999999993;-248519518.0;754166180.71;3.0283502689747412;6.763928571428571
2023/07/11;2023;85;19826869;2.87;267954377.0;3.04;287781246.0;3.0282877436356643;11.51;1.96;7;28;3;-0.16999999999999993;-248127508.0;753397841.11;3.0283359318686123;6.761071428571428
2023/07/10;2023;84;19798332;2.87;267555137.0;3.04;287353469.0;3.028287190505433;11.49;1.97;7;28;3;-0.16999999999999993;-247756805.0;754566454.5699999;3.0283235178495267;6.757857142857143
2023/07/07;2023;83;19785070;2.87;267087884.0;3.04;286872954.0;3.0282754304541375;11.49;1.97;7;27;3;-0.16999999999999993;-247302814.0;753493585.78;3.028310189585128;6.754642857142858
2023/07/06;2023;82;19776298;2.87;265734918.0;3.04;285511216.0;3.0282247334899797;11.48;1.97;7;27;3;-0.16999999999999993;-245958620.0;750529689.5;3.0282909284231296;6.751428571428572
2023/07/05;2023;81;19713486;2.88;265058361.0;3.04;284771847.0;3.0289239129737426;11.48;1.97;7;27;3;-0.16000000000000014;-245344875.0;748475790.45;3.028373183870065;6.748214285714285
2023/07/04;2023;80;19704449;2.88;264351591.0;3.04;284056040.0;3.0289010920521178;11.47;1.97;7;27;3;-0.16000000000000014;-244647142.0;746782664.3;3.028457682750137;6.7442857142857155
2023/07/03;2023;79;19644358;2.88;263764063.0;3.04;283408421.0;3.0289096545935026;11.46;1.97;7;27;3;-0.16000000000000014;-244119705.0;744739546.79;3.028544251100654;6.7403571428571425
2023/06/30;2023;78;19629615;2.88;263388898.0;3.04;283018513.0;3.028902710403259;11.44;1.97;6;26;2;-0.16000000000000014;-243759283.0;743438924.66;3.028632103496025;6.735357142857144
2023/06/29;2023;77;19585919;2.88;262198230.0;3.04;281784149.0;3.0288789094378763;11.42;1.98;6;26;2;-0.16000000000000014;-242612311.0;742823690.38;3.028716634772088;6.731428571428571
2023/06/28;2023;76;19525354;2.88;261097974.0;3.04;280623328.0;3.0288674378489304;11.4;1.98;6;26;2;-0.16000000000000014;-241572620.0;739563024.12;3.0288012072570583;6.7267857142857155
2023/06/27;2023;75;19465281;2.88;259725064.0;3.04;279190345.0;3.0288447254148423;11.37;1.97;6;26;2;-0.16000000000000014;-240259783.0;732978621.05;3.0288897775320387;6.720714285714286
2023/06/23;2023;73;19361509;2.88;257992492.0;3.03;277354001.0;3.0195288103307365;11.33;1.97;6;25;2;-0.1499999999999999;-238630983.0;727611106.21;3.0275476200116094;6.713214285714286
2023/06/22;2023;72;19275730;2.88;256086606.0;3.03;275362336.0;3.019499800364854;11.3;1.97;6;25;2;-0.1499999999999999;-236810876.0;722306362.8199999;3.0262045783420004;6.704642857142858
2023/06/21;2023;71;19187199;2.88;254388878.0;3.03;273576077.0;3.019479782437263;11.26;1.96;6;25;2;-0.1499999999999999;-235201679.0;714650061.62;3.0248574537482513;6.695714285714287
2023/06/20;2023;70;19100986;2.89;252915766.0;3.03;272016752.0;3.0201692156077207;11.24;1.96;6;25;2;-0.13999999999999968;-233814780.0;710409984.0;3.023609811634603;6.686071428571429
2023/06/19;2023;69;18988054;2.89;251060265.0;3.03;270048319.0;3.020156104026702;11.24;1.95;6;25;2;-0.13999999999999968;-232072211.0;702993243.71;3.0223636965758645;6.676428571428572
2023/06/16;2023;68;18924795;2.89;250146422.0;3.03;269071217.0;3.020153271206262;11.24;1.95;6;24;2;-0.13999999999999968;-231221627.0;700500218.7;3.0211188156269118;6.666785714285714
2023/06/15;2023;67;18823914;2.89;248039039.0;3.03;266862953.0;3.020124714088733;11.22;1.94;6;24;2;-0.13999999999999968;-229215125.0;692400050.74;3.0198730997231817;6.656428571428571
2023/06/14;2023;66;18685695;2.89;246321566.0;3.03;265007261.0;3.020128582552309;11.18;1.93;6;24;2;-0.13999999999999968;-227635871.0;684306692.48;3.0199587814691204;6.644285714285715
2023/06/13;2023;65;18566025;2.89;244099436.0;3.03;262665461.0;3.020104357496778;11.15;1.92;6;24;2;-0.13999999999999968;-225533411.0;675682095.87;3.0200451467736813;6.6310714285714285
2023/06/12;2023;64;18420029;2.89;242224339.0;3.03;260644368.0;3.020106043419285;11.12;1.92;6;24;2;-0.13999999999999968;-223804310.0;669901453.36;3.0201346126282553;6.617142857142857
2023/06/09;2023;63;18325250;2.89;240772912.0;3.03;259098162.0;3.020098212275238;11.1;1.92;6;23;2;-0.13999999999999968;-222447662.0;665694266.04;3.020124469295044;6.6032142857142855
2023/06/08;2023;62;18198500;2.89;238427307.0;3.03;256625807.0;3.020071964975837;11.07;1.91;6;23;2;-0.13999999999999968;-220228807.0;656853551.37;3.020112449430634;6.588214285714286
2023/06/07;2023;61;18058044;2.88;236166414.0;3.03;254224458.0;3.019345216344212;11.03;1.9;6;23;2;-0.1499999999999999;-218108370.0;647896411.92;3.01999701302177;6.572142857142857
2023/06/06;2023;60;17907805;2.88;233066863.0;3.03;250974668.0;3.0192970443136513;10.98;1.89;6;23;2;-0.1499999999999999;-215159058.0;637124069.97;3.0198787744824727;6.555357142857143
2023/06/05;2023;59;17764453;2.88;230412854.0;3.03;248177307.0;3.0192630475275486;10.94;1.88;6;23;2;-0.1499999999999999;-212648401.0;627519281.3399999;3.019755126621793;6.538214285714285
2023/06/02;2023;58;17648311;2.88;228083826.0;3.03;245732137.0;3.019227104430382;10.9;1.88;6;22;2;-0.1499999999999999;-210435515.0;621164182.78;3.019629804755165;6.520714285714285
2023/06/01;2023;57;17537799;2.87;225299780.0;3.02;242837579.0;3.0091669573513578;10.88;1.88;6;22;2;-0.1499999999999999;-207761981.0;614374839.52;3.0180670781740324;6.5042857142857144
2023/05/31;2023;56;17404851;2.87;222158607.0;3.02;239563458.0;3.00910214574545;10.83;1.86;5;22;2;-0.1499999999999999;-204753756.0;601709545.35;3.0164962115269196;6.486071428571429
2023/05/30;2023;55;17207954;2.87;218478834.0;3.02;235686788.0;3.009048206215106;10.76;1.84;5;22;2;-0.1499999999999999;-201270880.0;587158639.6;3.0149213888468154;6.465000000000001
2023/05/26;2023;53;16822897;2.86;210547933.0;3.02;227370830.0;3.008161790498807;10.66;1.81;5;21;2;-0.16000000000000014;-193725036.0;560423840.75;3.013323756583186;6.439285714285715
2023/05/24;2023;52;16610079;2.85;205935195.0;3.02;222545274.0;3.007311734914667;10.63;1.81;5;21;2;-0.16999999999999993;-189325116.0;549307842.72;3.0116115695261882;6.413571428571429
2023/05/23;2023;51;16350103;2.85;201387325.0;3.02;217737428.0;3.0072345442144193;10.62;1.79;5;21;2;-0.16999999999999993;-185037222.0;534121405.61;3.009893211910027;6.388571428571429
2023/05/22;2023;50;16131562;2.84;197067837.0;3.02;213199399.0;3.006380443971139;10.59;1.78;5;21;2;-0.18000000000000016;-180936275.0;521613991.44;3.008057974701564;6.363571428571428
2023/05/19;2023;49;15924150;2.84;193404855.0;3.01;209329005.0;2.9970676999587322;10.58;1.78;5;20;2;-0.16999999999999993;-177480705.0;512738148.9;3.0063295093597597;6.339285714285714
2023/05/18;2023;48;15794156;2.84;189727951.0;3.01;205522107.0;2.996935680257501;10.56;1.78;5;20;2;-0.16999999999999993;-173933795.0;504502040.14000005;3.0045914428614817;6.3149999999999995
2023/05/17;2023;47;15610652;2.84;185718437.0;3.01;201329089.0;2.99681854245116;10.52;1.78;5;20;2;-0.16999999999999993;-170107785.0;494802876.9;3.002844348038061;6.290714285714286
2023/05/16;2023;46;15367838;2.84;180955276.0;3.01;196323114.0;2.996692690398136;10.5;1.75;5;20;2;-0.16999999999999993;-165587438.0;478034032.0;3.0012059051665365;6.2664285714285715
2023/05/15;2023;45;15124508;2.84;176458173.0;3.01;191582681.0;2.996579338244045;10.48;1.74;5;20;2;-0.16999999999999993;-161333665.0;465542064.86;2.999672705642162;6.243214285714286
2023/05/12;2023;44;14924553;2.84;171905812.0;3.01;186830365.0;2.996419905511612;10.47;1.73;5;19;2;-0.16999999999999993;-156981259.0;453657124.66999996;2.998127757256046;6.221071428571428
2023/05/08;2023;40;13860984;2.84;153126621.0;3.01;166987605.0;2.995888968944731;10.45;1.67;5;19;2;-0.16999999999999993;-139265637.0;400568739.87;2.9966289751094166;6.1975
2023/05/05;2023;39;13535568;2.84;146922742.0;3.01;160458310.0;2.9956595363618126;10.47;1.68;5;18;2;-0.16999999999999993;-133387174.0;388547603.52;2.9964278088812857;6.175714285714285
2023/05/04;2023;38;13179871;2.85;140727160.0;3.01;153907031.0;2.9962983559211143;10.5;1.68;5;18;2;-0.1599999999999997;-127547289.0;374810274.29999995;2.9963367625475157;6.1575
2023/05/03;2023;37;12733563;2.86;134623496.0;3.01;147357059.0;2.997038052584912;10.52;1.68;5;18;2;-0.1499999999999999;-121889933.0;360124556.03999996;2.9963681211380515;6.1432142857142855
2023/05/02;2023;36;12316566;2.87;128313500.0;3.01;140630066.0;2.9977386160083292;10.46;1.7;5;18;2;-0.13999999999999968;-115996934.0;346964230.36;2.9965175390823653;6.132142857142857
2023/04/28;2023;35;11827532;2.87;122374515.0;3.01;134202047.0;2.9976614811993145;10.53;1.72;4;17;2;-0.13999999999999968;-110546983.0;335028077.76;2.996672130933118;6.125357142857142
2023/04/27;2023;34;11427155;2.88;116831315.0;3.01;128258470.0;2.998417683837956;10.58;1.72;4;17;2;-0.1299999999999999;-105404160.0;321849161.7;2.9969575278368814;6.121428571428572
2023/04/26;2023;33;10951778;2.89;111591762.0;3.01;122543540.0;2.999275539453161;10.63;1.74;4;17;2;-0.11999999999999966;-100639984.0;310587066.02;2.9974413236238;6.121428571428572
2023/04/25;2023;32;10477811;2.9;105541634.0;3.01;116019445.0;3.000065810002797;10.76;1.76;4;17;2;-0.10999999999999988;-95063823.0;298494522.2;2.998070791286797;6.127142857142857
2023/04/24;2023;31;10002938;2.91;98545480.0;3.02;108548418.0;3.009863296027032;10.85;1.77;4;17;2;-0.10999999999999988;-88542542.0;282957376.9;3.000008639873357;6.137142857142857
2023/04/21;2023;30;9523792;2.91;93365679.0;3.0;102889471.0;2.9916693003504706;10.92;1.79;4;16;2;-0.08999999999999986;-83841887.0;271124374.05;2.999241675268437;6.151785714285714
2023/04/20;2023;29;9086976;2.92;88382423.0;3.0;97469399.0;2.9925416788504053;11.05;1.82;4;16;2;-0.08000000000000007;-79295447.0;261267094.66000003;2.998499255674448;6.173928571428571
2023/04/19;2023;28;8593553;2.92;83186745.0;3.0;91780298.0;2.992509457312941;11.2;1.84;4;16;2;-0.08000000000000007;-74593192.0;249311404.4;2.9977632522621094;6.203214285714286
2023/04/17;2023;27;8081537;2.92;78059925.0;3.01;86141462.0;3.00155646638549;11.25;1.87;4;16;2;-0.08999999999999986;-69978388.0;236889351.0;2.9982116497689;6.236071428571429
2023/04/14;2023;26;7531879;2.93;72631625.0;3.03;80163504.0;3.0206043540711494;11.49;1.91;4;15;2;-0.09999999999999964;-65099746.0;225267693.46;3.001258623285755;6.281785714285715
2023/04/13;2023;25;7052701;2.93;66551944.0;3.01;73604645.0;3.0023345044324308;11.68;1.94;4;15;2;-0.07999999999999963;-59499243.0;211486319.04;3.0015827224899887;6.3342857142857145
2023/04/12;2023;24;6598492;2.93;61003729.0;3.01;67602221.0;3.002191390279914;11.85;1.94;4;15;2;-0.07999999999999963;-54405237.0;196539364.45999998;3.0004867359546865;6.391785714285715
2023/04/11;2023;23;6115730;2.93;55799731.0;3.01;61915461.0;3.0020979607985154;12.18;1.95;4;15;2;-0.07999999999999963;-49684001.0;183299066.85;3.001976544590121;6.460714285714286
2023/04/06;2023;22;5635663;2.92;50719865.0;3.0;56355528.0;2.9919998435645923;12.44;2.0;4;14;2;-0.08000000000000007;-45084202.0;171547377.72;3.0018991395492907;6.542142857142857
2023/04/05;2023;21;5217664;2.92;44250435.0;3.0;49468099.0;2.9915619737075403;12.64;2.09;4;14;2;-0.08000000000000007;-39032771.0;158434682.10999998;3.001763784748519;6.630714285714285
2023/04/04;2023;20;4804196;2.91;39703169.0;3.02;44507365.0;3.0081264244692982;12.85;2.11;4;14;2;-0.10999999999999988;-34898973.0;145507605.19;3.0027023501890624;6.725714285714285
2023/04/03;2023;19;4399872;2.9;35399747.0;3.03;39799619.0;3.015628421216796;13.45;2.18;4;14;2;-0.1299999999999999;-30999875.0;136349726.86;3.0019915026384405;6.842142857142856
2023/03/31;2023;18;4042077;2.89;32020058.0;3.02;36062135.0;3.005428760388147;13.03;2.18;3;13;1;-0.1299999999999999;-27977981.0;122471989.75;3.0024335392035435;6.938214285714286
2023/03/30;2023;17;3729923;2.9;28554471.0;3.0;32284394.0;2.988446668690761;13.01;2.21;3;13;1;-0.10000000000000009;-24824548.0;111631679.13999999;3.00047000754795;7.031071428571429
2023/03/29;2023;16;3362712;2.89;25579737.0;3.01;28942449.0;2.996057660842729;13.12;2.22;3;13;1;-0.11999999999999966;-22217025.0;100905797.58000001;2.999607107554266;7.125
2023/03/28;2023;15;3019669;2.87;22753032.0;3.01;25772701.0;2.9935968430317024;12.97;2.24;3;13;1;-0.13999999999999968;-19733363.0;90131898.61000001;2.9998352503352814;7.208571428571429
2023/03/27;2023;14;2711071;2.84;19049243.0;3.02;21760314.0;2.997574184821046;13.17;2.37;3;13;1;-0.18000000000000016;-16338172.0;80851510.98;3.000694137637211;7.297857142857143
2023/03/24;2023;13;2409901;2.8;17120216.0;3.02;19530117.0;2.992853300366813;13.47;2.41;3;12;1;-0.2200000000000002;-14710315.0;73721087.03;2.998512262765428;7.396428571428571
2023/03/23;2023;12;2165711;2.79;14951716.0;3.0;17117427.0;2.97343062657723;13.73;2.53;3;12;1;-0.20999999999999996;-12786005.0;67563053.50999999;2.9924840063883473;7.498571428571428
2023/03/22;2023;11;2053207;2.73;13198391.0;3.01;15251598.0;2.9723057229806344;13.98;1.96;3;12;1;-0.2799999999999998;-11145184.0;54572680.22;2.9877521439015595;7.58142857142857
2023/03/21;2023;10;1879118;2.73;11355798.0;3.01;13234916.0;2.9702450790016344;11.19;1.96;3;12;1;-0.2799999999999998;-9476680.0;43284694.5;2.9851519168031126;7.558571428571428
2023/03/20;2023;9;1777004;2.71;9120599.0;3.01;10897603.0;2.9610808753080837;10.97;2.69;3;12;1;-0.2999999999999998;-7343595.0;44028145.19;2.980155233155306;7.541785714285714
2023/03/17;2023;8;1609170;2.68;7572360.0;3.02;9181530.0;2.9604110426040107;10.5;1.96;3;11;1;-0.33999999999999986;-5963190.0;31738110.6;2.975414404522779;7.471071428571428
2023/03/16;2023;7;1481536;2.68;6579403.0;3.0;8060939.0;2.9411865639970727;10.2;1.96;3;11;1;-0.31999999999999984;-5097867.0;28007297.08;2.967359030119354;7.3792857142857144
2023/03/15;2023;6;1319338;2.68;5328923.0;2.99;6648261.0;2.928480938097948;9.76;1.96;3;11;1;-0.31000000000000005;-4009585.0;23321427.96;2.958162978366659;7.263571428571429
2023/03/14;2023;5;4638196;2.59;3848759.0;2.94;8486955.0;2.7487219032032097;14.48;1.96;3;11;1;-0.3500000000000001;789437.0;74704645.72;2.926061732170371;7.2924999999999995
2023/03/13;2023;4;451146;2.56;2038751.0;2.8;2489897.0;2.756514249384613;14.5;1.96;3;11;1;-0.23999999999999977;-1587605.0;10537568.96;2.8952343787995103;7.337142857142857
2023/03/10;2023;3;354491;2.51;601237.0;2.62;955728.0;2.579199678151106;13.4;1.96;3;10;1;-0.11000000000000032;-246746.0;5928603.92;2.839370750106578;7.342142857142858
2023/03/09;2023;2;183814;2.56;209465.0;2.68;393279.0;2.623913404987299;20.290435999999996;1.96;3;10;1;-0.1200000000000001;-25651.0;4140217.6029039994;2.7912039686321797;7.588944142857143
2023/03/08;2023;1;48938;2.56;177606829.83653846;3.014519230769231;177655767.83653846;3.0143940264913947;20.290435999999996;1.96;3;10;1;-0.45451923076923073;-177557891.83653846;349102359.8365834;2.7989158234732345;7.840388285714285
2022/10/07;2022;122;12589088;3.178913043478262;195690159.0;3.0024561403508776;208279247.0;3.06;12.62;2.14;10;40;4;0.17645690312738438;-183101071.0;577651230.82;2.815889171473653;7.812531142857142
2022/09/29;2022;121;12589088;3.178913043478262;195690159.0;3.0024561403508776;208279247.0;3.06;12.62;2.14;9;39;3;0.17645690312738438;-183101071.0;577651230.82;2.834677608888232;7.772531142857143
2022/09/23;2022;120;12589088;3.178913043478262;195690159.0;3.0024561403508776;208279247.0;3.06;12.62;2.14;9;38;3;0.17645690312738438;-183101071.0;577651230.82;2.87914590843063;7.718959714285715
2022/09/21;2022;119;12589088;3.178913043478262;195690159.0;3.0024561403508776;208279247.0;3.06;12.62;2.14;9;38;3;0.17645690312738438;-183101071.0;577651230.82;2.9225010156613997;7.676816857142858
2022/09/20;2022;118;12589088;3.178913043478262;195690159.0;3.0024561403508776;208279247.0;3.06;12.62;2.14;9;38;3;0.17645690312738438;-183101071.0;577651230.82;2.9911867759255277;7.734316857142857
2022/09/16;2022;116;12589088;3.178913043478262;195690159.0;3.0024561403508776;208279247.0;3.06;12.62;2.14;9;37;3;0.17645690312738438;-183101071.0;577651230.82;3.053484860927342;7.7736025714285715
2022/09/15;2022;116;12589088;3.178913043478262;195690159.0;3.0024561403508776;208279247.0;3.06;12.62;2.14;9;37;3;0.17645690312738438;-183101071.0;577651230.82;3.06;7.855745428571429
2022/09/14;2022;115;12589088;3.178913043478262;195690159.0;3.0024561403508776;208279247.0;3.06;12.62;2.14;9;37;3;0.17645690312738438;-183101071.0;577651230.82;3.06;7.948602571428571
2022/09/13;2022;114;12589088;3.178913043478262;195690159.0;3.0024561403508776;208279247.0;3.06;12.62;2.14;9;37;3;0.17645690312738438;-183101071.0;577651230.82;3.06;8.057174
2022/09/12;2022;113;12589088;3.178913043478262;195690159.0;3.0024561403508776;208279247.0;3.06;12.62;2.14;9;37;3;0.17645690312738438;-183101071.0;577651230.82;3.06;7.997174
2022/09/09;2022;112;12589088;3.178913043478262;195690159.0;3.0024561403508776;208279247.0;3.06;12.62;2.14;9;36;3;0.17645690312738438;-183101071.0;577651230.82;3.06;7.936459714285713
2022/09/08;2022;111;12589088;3.178913043478262;195690159.0;3.0024561403508776;208279247.0;3.06;12.62;2.14;9;36;3;0.17645690312738438;-183101071.0;577651230.82;3.06;7.915031142857143
2022/09/07;2022;110;12589088;3.178913043478262;195690159.0;3.0024561403508776;208279247.0;3.06;12.62;2.14;9;36;3;0.17645690312738438;-183101071.0;577651230.82;3.06;7.647515571428571
2022/09/06;2022;109;12589088;3.178913043478262;195690159.0;3.0024561403508776;208279247.0;3.06;12.62;2.14;9;36;3;0.17645690312738438;-183101071.0;577651230.82;3.06;7.38
2022/08/18;2022;94;12589088;3.178913043478262;187912385.0;3.05;200501473.0;3.06;12.5;2.14;8;33;3;0.12891304347826216;-175323297.0;559496103.9000001;3.06;7.375714285714286
2022/08/15;2022;93;12589088;3.178913043478262;187325361.0;3.04;199914449.0;3.05;12.5;2.14;8;33;3;0.13891304347826194;-174736273.0;558239872.54;3.0585714285714287;7.371428571428571
2022/08/12;2022;92;12589088;3.178913043478262;186886939.0;3.04;199476027.0;3.05;12.5;2.14;8;32;3;0.13891304347826194;-174297851.0;557301649.46;3.057142857142857;7.367142857142857
2022/08/11;2022;91;12589088;3.178913043478262;186062142.0;3.04;198651230.0;3.05;12.5;2.14;8;32;3;0.13891304347826194;-173473054.0;555536583.88;3.0557142857142856;7.362857142857143
2022/08/10;2022;90;12589088;3.178913043478262;185718951.0;3.04;198308039.0;3.05;12.5;2.14;8;32;3;0.13891304347826194;-173129863.0;554802155.1400001;3.0542857142857147;7.358571428571429
2022/08/05;2022;89;12589088;3.178913043478262;185578904.0;3.04;198167992.0;3.05;12.5;2.14;8;31;3;0.13891304347826194;-172989816.0;554502454.56;3.0528571428571425;7.354285714285714
2022/08/04;2022;88;12589088;3.178913043478262;184774837.0;3.04;197363925.0;3.05;12.5;2.14;8;31;3;0.13891304347826194;-172185749.0;552781751.1800001;3.051428571428571;7.3500000000000005
2022/08/03;2022;87;12589088;3.178913043478262;184109699.0;3.04;196698787.0;3.05;12.5;2.14;8;31;3;0.13891304347826194;-171520611.0;551358355.86;3.05;7.345714285714286
2022/08/02;2022;86;12589088;3.178913043478262;183205076.0;3.04;195794164.0;3.05;12.5;2.14;8;31;3;0.13891304347826194;-170615988.0;549422462.6400001;3.05;7.341428571428572
2022/08/01;2022;85;12589088;3.178913043478262;182634480.0;3.04;195223568.0;3.05;12.5;2.14;8;31;3;0.13891304347826194;-170045392.0;548201387.2;3.05;7.337142857142857
2022/07/29;2022;84;12589088;3.178913043478262;182009535.0;3.04;194598623.0;3.05;12.5;2.14;7;30;3;0.13891304347826194;-169420447.0;546864004.9000001;3.05;7.332857142857144
2022/07/28;2022;83;12377517;3.22;180716911.0;3.03;193094428.0;3.05;12.45;2.14;7;30;3;0.1900000000000004;-168339394.0;540834276.19;3.05;7.326785714285714
2022/07/27;2022;82;12377517;3.22;179742569.0;3.03;192120085.0;3.05;12.45;2.14;7;30;3;0.1900000000000004;-167365052.0;538749184.3100001;3.05;7.320714285714287
2022/07/26;2022;81;12377517;3.22;178981466.0;3.03;191358983.0;3.04;12.45;2.14;7;30;3;0.1900000000000004;-166603949.0;537120423.89;3.0485714285714285;7.314642857142857
2022/07/25;2022;80;12377517;3.22;178076346.0;3.03;190453863.0;3.04;12.45;2.14;7;30;3;0.1900000000000004;-165698829.0;535183467.09000003;3.0471428571428567;7.312857142857142
2022/07/22;2022;79;12377517;3.22;177275330.0;3.03;189652847.0;3.042400173618274;12.45;2.14;7;29;3;0.1900000000000004;-164897813.0;533469292.85;3.046057167659754;7.311071428571429
2022/07/21;2022;78;12260427;3.22;175918904.0;3.02;188179331.0;3.033030577731196;12.5;2.14;7;29;3;0.20000000000000018;-163658477.0;529721792.06;3.0436329644784954;7.311071428571429
2022/07/20;2022;77;12260427;3.22;174795773.0;3.03;187056200.0;3.042453375669986;12.5;2.14;7;29;3;0.1900000000000004;-162535346.0;527318291.72;3.0425548752884937;7.311071428571429
2022/07/19;2022;76;12065274;3.23;173629765.0;3.03;185695039.0;3.0429947187226687;12.62;2.14;7;29;3;0.20000000000000018;-161564491.0;523831454.98;3.0415541208203036;7.315357142857143
2022/07/18;2022;75;11912194;3.23;172783477.0;3.03;184695671.0;3.042899267140917;12.71;2.14;7;29;3;0.20000000000000018;-160871283.0;521160626.52000004;3.040539730411863;7.322857142857144
2022/07/15;2022;74;11797480;3.23;171905002.0;3.02;183702482.0;3.033486321866898;12.74;2.14;7;28;3;0.20999999999999996;-160107522.0;518176599.48;3.0396092049642767;7.331428571428572
2022/07/14;2022;73;11718733;3.23;170492435.0;3.02;182211168.0;3.0335059445423234;12.76;2.14;7;28;3;0.20999999999999996;-158773702.0;514384843.98;3.0386814827560373;7.340714285714286
2022/07/12;2022;72;11653864;3.23;168990931.0;3.02;180644795.0;3.0335476443702682;12.74;2.14;7;28;3;0.20999999999999996;-157337067.0;510110819.70000005;3.0374168357206086;7.349285714285714
2022/07/12;2022;71;11547097;3.23;167914769.0;3.02;179461866.0;3.033512009119531;12.71;2.14;7;28;3;0.20999999999999996;-156367672.0;506101208.53000003;3.0374856116332274;7.3567857142857145
2022/07/11;2022;70;11466975;3.23;166431765.0;3.02;177898740.0;3.033536154050332;12.66;2.14;7;28;3;0.20999999999999996;-154964790.0;501335880.6;3.0362117228304197;7.3625
2022/07/08;2022;69;11392519;3.23;165398047.0;3.02;176790566.0;3.033532560272475;12.66;2.14;7;27;3;0.20999999999999996;-154005528.0;498181111.12;3.0348599859089633;7.369999999999999
2022/07/07;2022;68;11313380;3.23;163455738.0;3.02;174769118.0;3.0335939909017564;12.62;2.14;7;27;3;0.20999999999999996;-152142358.0;492570134.91999996;3.0335306607319406;7.376071428571429
2022/07/06;2022;67;11221856;3.23;162058431.0;3.02;173280287.0;3.0335998722116613;12.6;2.14;7;27;3;0.20999999999999996;-150836575.0;488200427.94000006;3.0335468822097638;7.381428571428572
2022/06/18;2022;55;9946208;3.19;141852129.0;3.0;151798337.0;3.012449276832328;12.03;2.14;6;24;2;0.18999999999999995;-131905921.0;423216438.3;3.0305387868226217;7.366428571428572
2022/06/17;2022;54;9839539;3.18;140449503.0;2.99;150289042.0;3.0024394459178203;12.0;2.14;6;24;2;0.18999999999999995;-130609964.0;418636404.42;3.0260947584722717;7.350357142857143
2022/06/16;2022;53;9769896;3.19;138575923.0;2.99;148345819.0;3.0031717847740627;11.97;2.14;6;24;2;0.19999999999999973;-128806027.0;413498130.34000003;3.0217604407086336;7.331428571428572
2022/06/14;2022;51;9479155;3.18;134358895.0;2.99;143838050.0;3.002521300518187;11.85;2.14;6;24;2;0.18999999999999995;-124879740.0;399856022.05;3.0173297473468987;7.308214285714286
2022/06/13;2022;50;9322921;3.17;131825957.0;2.99;141148878.0;3.001889047959701;11.84;2.14;6;24;2;0.17999999999999972;-122503036.0;392490932.62;3.0128092455879307;7.280357142857143
2022/06/10;2022;49;9184725;3.17;129929918.0;2.98;139114643.0;2.992544313900874;11.81;2.14;6;23;2;0.18999999999999995;-120745193.0;386521626.77000004;3.0069450060163763;7.248214285714285
2022/06/09;2022;48;9088550;3.17;127855417.0;2.98;136943967.0;2.9926097157679097;11.74;2.14;6;23;2;0.18999999999999995;-118766867.0;380310169.38;3.0010892693815547;7.2125
2022/06/08;2022;47;8957505;3.17;125893887.0;2.98;134851392.0;2.9926207518124843;11.69;2.14;6;23;2;0.18999999999999995;-116936382.0;374126151.63;2.9982566229501484;7.174285714285714
2022/06/07;2022;46;8792598;3.16;123484651.0;2.98;132277249.0;2.9919647758927916;11.6;2.14;6;23;2;0.18000000000000016;-114692053.0;366251289.94;2.9967602415180012;7.133571428571429
2022/06/06;2022;45;8637408;3.16;120700691.0;2.98;129338099.0;2.992020691907649;11.49;2.14;6;23;2;0.18000000000000016;-112063283.0;357543296.66;2.995167228251371;7.090000000000001
2022/06/03;2022;44;8508984;3.15;119119013.0;2.98;127627997.0;2.9913339338859957;11.47;2.14;6;22;2;0.16999999999999993;-110610029.0;352512734.3;2.993569033018201;7.0475
2022/06/02;2022;43;8408177;3.15;116732005.0;2.98;125140182.0;2.991422311100682;11.47;2.14;6;22;2;0.16999999999999993;-108323828.0;346248280.89000005;2.992073784895484;7.005000000000001
2022/06/01;2022;42;8218220;3.15;114510145.0;2.98;122728365.0;2.9913836552780606;11.44;2.14;6;22;2;0.16999999999999993;-106291925.0;339068147.1;2.991907976520796;6.9628571428571435
2022/05/31;2022;41;8041436;3.15;111907645.0;2.99;119949081.0;3.000726466174426;11.42;2.14;5;22;2;0.1599999999999997;-103866209.0;331315559.42;2.993067512293156;6.920714285714287
2022/05/30;2022;40;7821019;3.14;108486740.0;2.98;116307759.0;2.990759067587228;11.44;2.14;5;22;2;0.16000000000000014;-100665721.0;321634080.96000004;2.9928015574038334;6.899642857142857
2022/05/27;2022;39;7651773;3.14;105938211.0;2.98;113589984.0;2.9907780953644645;11.43;2.14;5;21;2;0.16000000000000014;-98286438.0;314167536.93;2.992632031614072;6.8792857142857144
2022/05/26;2022;38;7504674;3.14;102773093.0;2.97;110277767.0;2.981568919236459;11.45;2.14;5;21;2;0.16999999999999993;-95268419.0;305862936.32;2.9911389212324737;6.860714285714286
2022/05/24;2022;37;7268785;3.14;99181492.0;2.97;106450277.0;2.9816081750543493;11.48;2.14;5;21;2;0.16999999999999993;-91912707.0;295694044.68;2.9897495271136667;6.847499999999999
2022/05/23;2022;36;7043707;3.13;95329193.0;2.97;102372900.0;2.981008705624243;11.44;2.14;5;21;2;0.1599999999999997;-88285486.0;284584481.1;2.9882618691884617;6.833214285714286
2022/05/20;2022;35;6873274;3.13;92494231.0;2.97;99367505.0;2.9810672381277965;11.41;2.14;5;20;2;0.1599999999999997;-85620957.0;276361710.68;2.9867880953098522;6.818928571428572
2022/05/19;2022;34;6752185;3.12;89894625.0;2.97;96646810.0;2.9804796811193257;11.39;2.14;5;20;2;0.1499999999999999;-83142440.0;269281884.65;2.983895697444838;6.806428571428571
2022/05/17;2022;32;6278500;3.11;84125514.0;2.97;90404014.0;2.9797229089849933;11.46;2.14;5;20;2;0.13999999999999968;-77847014.0;251980209.96;2.9823191033588046;6.798214285714287
2022/05/16;2022;31;6012416;3.1;80370480.0;2.97;86382895.0;3.06;11.5;2.14;5;20;2;0.1299999999999999;-74358064.0;241135611.20000002;2.9922079468781666;6.794642857142857
2022/05/13;2022;30;5837475;3.15;77402247.0;2.96;83239722.0;2.9733244107903194;11.66;2.14;5;19;2;0.18999999999999995;-71564772.0;233705767.08;2.9910301599572895;6.800714285714286
2022/05/12;2022;29;5753382;3.15;74727973.0;2.96;80481355.0;2.9735825568543173;11.67;2.14;5;19;2;0.18999999999999995;-68974591.0;227059830.16;2.989883643071571;6.807857142857143
2022/05/11;2022;28;5546180;3.15;71208694.0;2.96;76754874.0;2.973729085139271;11.65;2.14;5;19;2;0.18999999999999995;-65662514.0;216999602.16;2.9888436972880035;6.814285714285715
2022/05/10;2022;27;5272017;3.15;67442017.0;2.96;72714034.0;2.973775652028878;11.74;2.14;5;19;2;0.18999999999999995;-62170000.0;206219395.95999998;2.987802042131015;6.825
2022/05/09;2022;26;5007237;3.15;63566494.0;2.95;68573731.0;2.964603950891924;11.84;2.14;5;19;2;0.19999999999999973;-58559257.0;195317983.24;2.9855340806699573;6.840000000000001
2022/05/06;2022;25;4742300;3.15;60087393.0;2.94;64829693.0;2.9553615257749253;11.94;2.14;5;18;2;0.20999999999999996;-55345093.0;185210083.02;2.9820538830685193;6.857857142857143
